time,timestamp
0취,0
0.102취,102
0.202취,202
0.302취,302
0.402취,402
0.502취,502
0.602취,602
0.702취,702
0.802취,802
0.902취,902
1.002취,1002
1.102취,1102
1.202취,1202
1.302취,1302
1.402취,1402
1.502취,1502
1.602취,1602
1.702취,1702
1.802취,1802
1.902취,1902
2.002취,2002
2.102취,2102
2.202취,2202
2.302취,2302
2.402취,2402
2.502취,2502
2.602취,2602
2.702취,2702
2.802취,2802
2.902취,2902
3.002취,3002
3.102취,3102
3.202취,3202
3.302취,3302
3.402취,3402
3.502취,3502
3.602취,3602
3.702취,3702
3.802취,3802
3.902취,3902
4.002취,4002
4.102취,4102
4.202취,4202
4.302취,4302
4.402취,4402
4.502취,4502
4.602취,4602
4.702취,4702
4.802취,4802
4.902취,4902
5.002취,5002
5.102취,5102
5.202취,5202
5.302취,5302
5.402취,5402
5.502취,5502
5.602취,5602
5.702취,5702
5.802취,5802
5.902취,5902
6.002취,6002
6.102취,6102
6.202취,6202
6.302취,6302
6.402취,6402
6.502취,6502
6.602취,6602
6.702취,6702
6.802취,6802
6.902취,6902
7.002취,7002
7.102취,7102
7.202취,7202
7.302취,7302
7.402취,7402
7.502취,7502
7.602취,7602
7.702취,7702
7.802취,7802
7.902취,7902
8.002취,8002
8.102취,8102
8.202취,8202
8.302취,8302
8.402취,8402
8.502취,8502
8.602취,8602
8.702취,8702
8.802취,8802
8.902취,8902
9.002취,9002
9.102취,9102
9.202취,9202
9.302취,9302
9.402취,9402
9.502취,9502
9.602취,9602
9.702취,9702
9.802취,9802
9.902취,9902
10.002취,10002
10.102취,10102
10.202취,10202
10.302취,10302
10.402취,10402
10.502취,10502
10.602취,10602
10.702취,10702
10.802취,10802
10.902취,10902
11.002취,11002
11.102취,11102
11.202취,11202
11.302취,11302
11.402취,11402
11.502취,11502
11.602취,11602
11.702취,11702
11.802취,11802
11.902취,11902
12.002취,12002
12.102취,12102
12.202취,12202
12.302취,12302
12.402취,12402
12.502취,12502
12.602취,12602
12.702취,12702
12.802취,12802
12.902취,12902
13.002취,13002
13.102취,13102
13.202취,13202
13.302취,13302
13.402취,13402
13.502취,13502
13.602취,13602
13.702취,13702
13.802취,13802
13.902취,13902
14.002취,14002
14.102취,14102
14.202취,14202
14.302취,14302
14.402취,14402
14.502취,14502
14.602취,14602
14.702취,14702
14.802취,14802
14.902취,14902
15.002취,15002
15.102취,15102
15.202취,15202
15.302취,15302
15.402취,15402
15.502취,15502
15.602취,15602
15.702취,15702
15.802취,15802
15.902취,15902
16.002취,16002
16.102취,16102
16.202취,16202
16.302취,16302
16.402취,16402
16.502취,16502
16.602취,16602
16.702취,16702
16.802취,16802
16.902취,16902
17.002취,17002
17.102취,17102
17.202취,17202
17.302취,17302
17.402취,17402
17.502취,17502
17.602취,17602
17.702취,17702
17.802취,17802
17.902취,17902
18.002취,18002
18.102취,18102
18.202취,18202
18.302취,18302
18.402취,18402
18.502취,18502
18.602취,18602
18.702취,18702
18.802취,18802
18.902취,18902
19.002취,19002
19.102취,19102
19.202취,19202
19.302취,19302
19.402취,19402
19.502취,19502
19.602취,19602
19.702취,19702
19.802취,19802
19.902취,19902
20.002취,20002
20.102취,20102
20.202취,20202
20.302취,20302
20.402취,20402
20.502취,20502
20.602취,20602
20.702취,20702
20.802취,20802
20.902취,20902
21.002취,21002
21.102취,21102
21.202취,21202
21.302취,21302
21.402취,21402
21.502취,21502
21.602취,21602
21.702취,21702
21.802취,21802
21.902취,21902
22.002취,22002
22.102취,22102
22.202취,22202
22.302취,22302
22.402취,22402
22.502취,22502
22.602취,22602
22.702취,22702
22.802취,22802
22.902취,22902
23.002취,23002
23.102취,23102
23.202취,23202
23.302취,23302
23.402취,23402
23.502취,23502
23.602취,23602
23.702취,23702
23.802취,23802
23.902취,23902
24.002취,24002
24.102취,24102
24.202취,24202
24.302취,24302
24.402취,24402
24.502취,24502
24.602취,24602
24.702취,24702
24.802취,24802
24.902취,24902
25.002취,25002
25.102취,25102
25.202취,25202
25.302취,25302
25.402취,25402
25.502취,25502
25.602취,25602
25.702취,25702
25.802취,25802
25.902취,25902
26.002취,26002
26.102취,26102
26.202취,26202
26.302취,26302
26.402취,26402
26.502취,26502
26.602취,26602
26.702취,26702
26.802취,26802
26.902취,26902
27.002취,27002
27.102취,27102
27.202취,27202
27.302취,27302
27.402취,27402
27.502취,27502
27.602취,27602
27.702취,27702
27.802취,27802
27.902취,27902
28.002취,28002
28.102취,28102
28.202취,28202
28.302취,28302
28.402취,28402
28.502취,28502
28.602취,28602
28.702취,28702
28.802취,28802
28.902취,28902
29.002취,29002
29.102취,29102
29.202취,29202
29.302취,29302
29.402취,29402
29.502취,29502
29.602취,29602
29.702취,29702
29.802취,29802
29.902취,29902
30.002취,30002
30.102취,30102
30.202취,30202
30.302취,30302
30.402취,30402
30.502취,30502
30.602취,30602
30.702취,30702
30.802취,30802
30.902취,30902
31.002취,31002
31.102취,31102
31.202취,31202
31.302취,31302
31.402취,31402
31.502취,31502
31.602취,31602
31.702취,31702
31.802취,31802
31.902취,31902
32.002취,32002
32.102취,32102
32.202취,32202
32.302취,32302
32.402취,32402
32.502취,32502
32.602취,32602
32.702취,32702
32.802취,32802
32.902취,32902
33.002취,33002
33.102취,33102
33.202취,33202
33.302취,33302
33.402취,33402
33.502취,33502
33.602취,33602
33.702취,33702
33.802취,33802
33.902취,33902
34.002취,34002
34.102취,34102
34.202취,34202
34.302취,34302
34.402취,34402
34.502취,34502
34.602취,34602
34.702취,34702
34.802취,34802
34.902취,34902
35.002취,35002
35.102취,35102
35.202취,35202
35.302취,35302
35.402취,35402
35.502취,35502
35.602취,35602
35.702취,35702
35.802취,35802
35.902취,35902
36.002취,36002
36.102취,36102
36.202취,36202
36.302취,36302
36.402취,36402
36.502취,36502
36.602취,36602
36.702취,36702
36.802취,36802
36.902취,36902
37.002취,37002
37.102취,37102
37.202취,37202
37.302취,37302
37.402취,37402
37.502취,37502
37.602취,37602
37.702취,37702
37.802취,37802
37.902취,37902
38.002취,38002
38.102취,38102
38.202취,38202
38.302취,38302
38.402취,38402
38.502취,38502
38.602취,38602
38.702취,38702
38.802취,38802
38.902취,38902
39.002취,39002
39.102취,39102
39.202취,39202
39.302취,39302
39.402취,39402
39.502취,39502
39.602취,39602
39.702취,39702
39.802취,39802
39.902취,39902
40.002취,40002
40.102취,40102
40.202취,40202
40.302취,40302
40.402취,40402
40.502취,40502
40.602취,40602
40.702취,40702
40.802취,40802
40.902취,40902
41.002취,41002
41.102취,41102
41.202취,41202
41.302취,41302
41.402취,41402
41.502취,41502
41.602취,41602
41.702취,41702
41.802취,41802
41.902취,41902
42.002취,42002
42.102취,42102
42.202취,42202
42.302취,42302
42.402취,42402
42.502취,42502
42.602취,42602
42.702취,42702
42.802취,42802
42.902취,42902
43.002취,43002
43.102취,43102
43.202취,43202
43.302취,43302
43.402취,43402
43.502취,43502
43.602취,43602
43.702취,43702
43.802취,43802
43.902취,43902
44.002취,44002
44.102취,44102
44.202취,44202
44.302취,44302
44.402취,44402
44.502취,44502
44.602취,44602
44.702취,44702
44.802취,44802
44.902취,44902
45.002취,45002
45.102취,45102
45.202취,45202
45.302취,45302
45.402취,45402
45.502취,45502
45.602취,45602
45.702취,45702
45.802취,45802
45.902취,45902
46.002취,46002
46.102취,46102
46.202취,46202
46.302취,46302
46.402취,46402
46.502취,46502
46.602취,46602
46.702취,46702
46.802취,46802
46.902취,46902
47.002취,47002
47.102취,47102
47.202취,47202
47.302취,47302
47.402취,47402
47.502취,47502
47.602취,47602
47.702취,47702
47.802취,47802
47.902취,47902
48.002취,48002
48.102취,48102
48.202취,48202
48.302취,48302
48.402취,48402
48.502취,48502
48.602취,48602
48.702취,48702
48.802취,48802
48.902취,48902
49.002취,49002
49.102취,49102
49.202취,49202
49.302취,49302
49.402취,49402
49.502취,49502
49.602취,49602
49.702취,49702
49.802취,49802
49.902취,49902
50.002취,50002
50.102취,50102
50.202취,50202
50.302취,50302
50.402취,50402
50.502취,50502
50.602취,50602
50.702취,50702
50.802취,50802
50.902취,50902
51.002취,51002
51.102취,51102
51.202취,51202
51.302취,51302
51.402취,51402
51.502취,51502
51.602취,51602
51.702취,51702
51.802취,51802
51.902취,51902
52.002취,52002
52.102취,52102
52.202취,52202
52.302취,52302
52.402취,52402
52.502취,52502
52.602취,52602
52.702취,52702
52.802취,52802
52.902취,52902
53.002취,53002
53.102취,53102
53.202취,53202
53.302취,53302
53.402취,53402
53.502취,53502
53.602취,53602
53.702취,53702
53.802취,53802
53.902취,53902
54.002취,54002
54.102취,54102
54.202취,54202
54.302취,54302
54.402취,54402
54.502취,54502
54.602취,54602
54.702취,54702
54.802취,54802
54.902취,54902
55.002취,55002
55.102취,55102
55.202취,55202
55.302취,55302
55.402취,55402
55.502취,55502
55.602취,55602
55.702취,55702
55.802취,55802
55.902취,55902
56.002취,56002
56.102취,56102
56.202취,56202
56.302취,56302
56.402취,56402
56.502취,56502
56.602취,56602
56.702취,56702
56.802취,56802
56.902취,56902
57.002취,57002
57.102취,57102
57.202취,57202
57.302취,57302
57.402취,57402
57.502취,57502
57.602취,57602
57.702취,57702
57.802취,57802
57.902취,57902
58.002취,58002
58.102취,58102
58.202취,58202
58.302취,58302
58.402취,58402
58.502취,58502
58.602취,58602
58.702취,58702
58.802취,58802
58.902취,58902
59.002취,59002
59.102취,59102
59.202취,59202
59.302취,59302
59.402취,59402
59.502취,59502
59.602취,59602
59.702취,59702
59.802취,59802
59.902취,59902
60.002취,60002
60.102취,60102
60.202취,60202
60.302취,60302
60.402취,60402
60.502취,60502
60.602취,60602
60.702취,60702
60.802취,60802
60.902취,60902
61.002취,61002
61.102취,61102
61.202취,61202
61.302취,61302
61.402취,61402
61.502취,61502
61.602취,61602
61.702취,61702
61.802취,61802
61.902취,61902
62.002취,62002
62.102취,62102
62.202취,62202
62.302취,62302
62.402취,62402
62.502취,62502
62.602취,62602
62.702취,62702
62.802취,62802
62.902취,62902
63.002취,63002
63.102취,63102
63.202취,63202
63.302취,63302
63.402취,63402
63.502취,63502
63.602취,63602
63.702취,63702
63.802취,63802
63.902취,63902
64.002취,64002
64.102취,64102
64.202취,64202
64.302취,64302
64.402취,64402
64.502취,64502
64.602취,64602
64.702취,64702
64.802취,64802
64.902취,64902
65.002취,65002
65.102취,65102
65.202취,65202
65.302취,65302
65.402취,65402
65.502취,65502
65.602취,65602
65.702취,65702
65.802취,65802
65.902취,65902
66.002취,66002
66.102취,66102
66.202취,66202
66.302취,66302
66.402취,66402
66.502취,66502
66.602취,66602
66.702취,66702
66.802취,66802
66.902취,66902
67.002취,67002
67.102취,67102
67.202취,67202
67.302취,67302
67.402취,67402
67.502취,67502
67.602취,67602
67.702취,67702
67.802취,67802
67.902취,67902
68.002취,68002
68.102취,68102
68.202취,68202
68.302취,68302
68.402취,68402
68.502취,68502
68.602취,68602
68.702취,68702
68.802취,68802
68.902취,68902
69.002취,69002
69.102취,69102
69.202취,69202
69.302취,69302
69.402취,69402
69.502취,69502
69.602취,69602
69.702취,69702
69.802취,69802
69.902취,69902
70.002취,70002
70.102취,70102
70.202취,70202
70.302취,70302
70.402취,70402
70.502취,70502
70.602취,70602
70.702취,70702
70.802취,70802
70.902취,70902
71.002취,71002
71.102취,71102
71.202취,71202
71.302취,71302
71.402취,71402
71.502취,71502
71.602취,71602
71.702취,71702
71.802취,71802
71.902취,71902
72.002취,72002
72.102취,72102
72.202취,72202
72.302취,72302
72.402취,72402
72.502취,72502
72.602취,72602
72.702취,72702
72.802취,72802
72.902취,72902
73.002취,73002
73.102취,73102
73.202취,73202
73.302취,73302
73.402취,73402
73.502취,73502
73.602취,73602
73.702취,73702
73.802취,73802
73.902취,73902
74.002취,74002
74.102취,74102
74.202취,74202
74.302취,74302
74.402취,74402
74.502취,74502
74.602취,74602
74.702취,74702
74.802취,74802
74.902취,74902
75.002취,75002
75.102취,75102
75.202취,75202
75.302취,75302
75.402취,75402
75.502취,75502
75.602취,75602
75.702취,75702
75.802취,75802
75.902취,75902
76.002취,76002
76.102취,76102
76.202취,76202
76.302취,76302
76.402취,76402
76.502취,76502
76.602취,76602
76.702취,76702
76.802취,76802
76.902취,76902
77.002취,77002
77.102취,77102
77.202취,77202
77.302취,77302
77.402취,77402
77.502취,77502
77.602취,77602
77.702취,77702
77.802취,77802
77.902취,77902
78.002취,78002
78.102취,78102
78.202취,78202
78.302취,78302
78.402취,78402
78.502취,78502
78.602취,78602
78.702취,78702
78.802취,78802
78.902취,78902
79.002취,79002
79.102취,79102
79.202취,79202
79.302취,79302
79.402취,79402
79.502취,79502
79.602취,79602
79.702취,79702
79.802취,79802
79.902취,79902
80.002취,80002
80.102취,80102
80.202취,80202
80.302취,80302
80.402취,80402
80.502취,80502
80.602취,80602
80.702취,80702
80.802취,80802
80.902취,80902
81.002취,81002
81.102취,81102
81.202취,81202
81.302취,81302
81.402취,81402
81.502취,81502
81.602취,81602
81.702취,81702
81.802취,81802
81.902취,81902
82.002취,82002
82.102취,82102
82.202취,82202
82.302취,82302
82.402취,82402
82.502취,82502
82.602취,82602
82.702취,82702
82.802취,82802
82.902취,82902
83.002취,83002
83.102취,83102
83.202취,83202
83.302취,83302
83.402취,83402
83.502취,83502
83.602취,83602
83.702취,83702
83.802취,83802
83.902취,83902
84.002취,84002
84.102취,84102
84.202취,84202
84.302취,84302
84.402취,84402
84.502취,84502
84.602취,84602
84.702취,84702
84.802취,84802
84.902취,84902
85.002취,85002
85.102취,85102
85.202취,85202
85.302취,85302
85.402취,85402
85.502취,85502
85.602취,85602
85.702취,85702
85.802취,85802
85.902취,85902
86.002취,86002
86.102취,86102
86.202취,86202
86.302취,86302
86.402취,86402
86.502취,86502
86.602취,86602
86.702취,86702
86.802취,86802
86.902취,86902
87.002취,87002
87.102취,87102
87.202취,87202
87.302취,87302
87.402취,87402
87.502취,87502
87.602취,87602
87.702취,87702
87.802취,87802
87.902취,87902
88.002취,88002
88.102취,88102
88.202취,88202
88.302취,88302
88.402취,88402
88.502취,88502
88.602취,88602
88.702취,88702
88.802취,88802
88.902취,88902
89.002취,89002
89.102취,89102
89.202취,89202
89.302취,89302
89.402취,89402
89.502취,89502
89.602취,89602
89.702취,89702
89.802취,89802
89.902취,89902
90.002취,90002
90.102취,90102
90.202취,90202
90.302취,90302
90.402취,90402
90.502취,90502
90.602취,90602
90.702취,90702
90.802취,90802
90.902취,90902
91.002취,91002
91.102취,91102
91.202취,91202
91.302취,91302
91.402취,91402
91.502취,91502
91.602취,91602
91.702취,91702
91.802취,91802
91.902취,91902
92.002취,92002
92.102취,92102
92.202취,92202
92.302취,92302
92.402취,92402
92.502취,92502
92.602취,92602
92.702취,92702
92.802취,92802
92.902취,92902
93.002취,93002
93.102취,93102
93.202취,93202
93.302취,93302
93.402취,93402
93.502취,93502
93.602취,93602
93.702취,93702
93.802취,93802
93.902취,93902
94.002취,94002
94.102취,94102
94.202취,94202
94.302취,94302
94.402취,94402
94.502취,94502
94.602취,94602
94.702취,94702
94.802취,94802
94.902취,94902
95.002취,95002
95.102취,95102
95.202취,95202
95.302취,95302
95.402취,95402
95.502취,95502
95.602취,95602
95.702취,95702
95.802취,95802
95.902취,95902
96.002취,96002
96.102취,96102
96.202취,96202
96.302취,96302
96.402취,96402
96.502취,96502
96.602취,96602
96.702취,96702
96.802취,96802
96.902취,96902
97.002취,97002
97.102취,97102
97.202취,97202
97.302취,97302
97.402취,97402
97.502취,97502
97.602취,97602
97.702취,97702
97.802취,97802
97.902취,97902
98.002취,98002
98.102취,98102
98.202취,98202
98.302취,98302
98.402취,98402
98.502취,98502
98.602취,98602
98.702취,98702
98.802취,98802
98.902취,98902
99.002취,99002
99.102취,99102
99.202취,99202
99.302취,99302
99.402취,99402
99.502취,99502
99.602취,99602
99.702취,99702
99.802취,99802
99.902취,99902
100취,100002
100.1취,100102
100.2취,100202
100.3취,100302
100.4취,100402
100.5취,100502
100.6취,100602
100.7취,100702
100.8취,100802
100.9취,100902
101취,101002
101.1취,101102
101.2취,101202
101.3취,101302
101.4취,101402
101.5취,101502
101.6취,101602
101.7취,101702
101.8취,101802
101.9취,101902
102취,102002
102.1취,102102
102.2취,102202
102.3취,102302
102.4취,102402
102.5취,102502
102.6취,102602
102.7취,102702
102.8취,102802
102.9취,102902
103취,103002
103.1취,103102
103.2취,103202
103.3취,103302
103.4취,103402
103.5취,103502
103.6취,103602
103.7취,103702
103.8취,103802
103.9취,103902
104취,104002
104.1취,104102
104.2취,104202
104.3취,104302
104.4취,104402
104.5취,104502
104.6취,104602
104.7취,104702
104.8취,104802
104.9취,104902
105취,105002
105.1취,105102
105.2취,105202
105.3취,105302
105.4취,105402
105.5취,105502
105.6취,105602
105.7취,105702
105.8취,105802
105.9취,105902
106취,106002
106.1취,106102
106.2취,106202
106.3취,106302
106.4취,106402
106.5취,106502
106.6취,106602
106.7취,106702
106.8취,106802
106.9취,106902
107취,107002
107.1취,107102
107.2취,107202
107.3취,107302
107.4취,107402
107.5취,107502
107.6취,107602
107.7취,107702
107.8취,107802
107.9취,107902
108취,108002
108.1취,108102
108.2취,108202
108.3취,108302
108.4취,108402
108.5취,108502
108.6취,108602
108.7취,108702
108.8취,108802
108.9취,108902
109취,109002
109.1취,109102
109.2취,109202
109.3취,109302
109.4취,109402
109.5취,109502
109.6취,109602
109.7취,109702
109.8취,109802
109.9취,109902
110취,110002
110.1취,110102
110.2취,110202
110.3취,110302
110.4취,110402
110.5취,110502
110.6취,110602
110.7취,110702
110.8취,110802
110.9취,110902
111취,111002
111.1취,111102
111.2취,111202
111.3취,111302
111.4취,111402
111.5취,111502
111.6취,111602
111.7취,111702
111.8취,111802
111.9취,111902
112취,112002
112.1취,112102
112.2취,112202
112.3취,112302
112.4취,112402
112.5취,112502
112.6취,112602
112.7취,112702
112.8취,112802
112.9취,112902
113취,113002
113.1취,113102
113.2취,113202
113.3취,113302
113.4취,113402
113.5취,113502
113.6취,113602
113.7취,113702
113.8취,113802
113.9취,113902
114취,114002
114.1취,114102
114.2취,114202
114.3취,114302
114.4취,114402
114.5취,114502
114.6취,114602
114.7취,114702
114.8취,114802
114.9취,114902
115취,115002
115.1취,115102
115.2취,115202
115.3취,115302
115.4취,115402
115.5취,115502
115.6취,115602
115.7취,115702
115.8취,115802
115.9취,115902
116취,116002
116.1취,116102
116.2취,116202
116.3취,116302
116.4취,116402
116.5취,116502
116.6취,116602
116.7취,116702
116.8취,116802
116.9취,116902
117취,117002
117.1취,117102
117.2취,117202
117.3취,117302
117.4취,117402
117.5취,117502
117.6취,117602
117.7취,117702
117.8취,117802
117.9취,117902
118취,118002
118.1취,118102
118.2취,118202
118.3취,118302
118.4취,118402
118.5취,118502
118.6취,118602
118.7취,118702
118.8취,118802
118.9취,118902
119취,119002
119.1취,119102
119.2취,119202
119.3취,119302
119.4취,119402
119.5취,119502
119.6취,119602
119.7취,119702
119.8취,119802
119.9취,119902
120취,120002
120.1취,120102
120.2취,120202
120.3취,120302
120.4취,120402
120.5취,120502
120.6취,120602
120.7취,120702
120.8취,120802
120.9취,120902
121취,121002
121.1취,121102
121.2취,121202
121.3취,121302
121.4취,121402
121.5취,121502
121.6취,121602
121.7취,121702
121.8취,121802
121.9취,121902
122취,122002
122.1취,122102
122.2취,122202
122.3취,122302
122.4취,122402
122.5취,122502
122.6취,122602
122.7취,122702
122.8취,122802
122.9취,122902
123취,123002
123.1취,123102
123.2취,123202
123.3취,123302
123.4취,123402
123.5취,123502
123.6취,123602
123.7취,123702
123.8취,123802
123.9취,123902
124취,124002
124.1취,124102
124.2취,124202
124.3취,124302
124.4취,124402
124.5취,124502
124.6취,124602
124.7취,124702
124.8취,124802
124.9취,124902
125취,125002
125.1취,125102
125.2취,125202
125.3취,125302
125.4취,125402
125.5취,125502
125.6취,125602
125.7취,125702
125.8취,125802
125.9취,125902
126취,126002
126.1취,126102
126.2취,126202
126.3취,126302
126.4취,126402
126.5취,126502
126.6취,126602
126.7취,126702
126.8취,126802
126.9취,126902
127취,127002
127.1취,127102
127.2취,127202
127.3취,127302
127.4취,127402
127.5취,127502
127.6취,127602
127.7취,127702
127.8취,127802
127.9취,127902
128취,128002
128.1취,128102
128.2취,128202
128.3취,128302
128.4취,128402
128.5취,128502
128.6취,128602
128.7취,128702
128.8취,128802
128.9취,128902
129취,129002
129.1취,129102
129.2취,129202
129.3취,129302
129.4취,129402
129.5취,129502
129.6취,129602
129.7취,129702
129.8취,129802
129.9취,129902
130취,130002
130.1취,130102
130.2취,130202
130.3취,130302
130.4취,130402
130.5취,130502
130.6취,130602
130.7취,130702
130.8취,130802
130.9취,130902
131취,131002
131.1취,131102
131.2취,131202
131.3취,131302
131.4취,131402
131.5취,131502
131.6취,131602
131.7취,131702
131.8취,131802
131.9취,131902
132취,132002
132.1취,132102
132.2취,132202
132.3취,132302
132.4취,132402
132.5취,132502
132.6취,132602
132.7취,132702
132.8취,132802
132.9취,132902
133취,133002
133.1취,133102
133.2취,133202
133.3취,133302
133.4취,133402
133.5취,133502
133.6취,133602
133.7취,133702
133.8취,133802
133.9취,133902
134취,134002
134.1취,134102
134.2취,134202
134.3취,134302
134.4취,134402
134.5취,134502
134.6취,134602
134.7취,134702
134.8취,134802
134.9취,134902
135취,135002
135.1취,135102
135.2취,135202
135.3취,135302
135.4취,135402
135.5취,135502
135.6취,135602
135.7취,135702
135.8취,135802
135.9취,135902
136취,136002
136.1취,136102
136.2취,136202
136.3취,136302
136.4취,136402
136.5취,136502
136.6취,136602
136.7취,136702
136.8취,136802
136.9취,136902
137취,137002
137.1취,137102
137.2취,137202
137.3취,137302
137.4취,137402
137.5취,137502
137.6취,137602
137.7취,137702
137.8취,137802
137.9취,137902
138취,138002
138.1취,138102
138.2취,138202
138.3취,138302
138.4취,138402
138.5취,138502
138.6취,138602
138.7취,138702
138.8취,138802
138.9취,138902
139취,139002
139.1취,139102
139.2취,139202
139.3취,139302
139.4취,139402
139.5취,139502
139.6취,139602
139.7취,139702
139.8취,139802
139.9취,139902
140취,140002
140.1취,140102
140.2취,140202
140.3취,140302
140.4취,140402
140.5취,140502
140.6취,140602
140.7취,140702
140.8취,140802
140.9취,140902
141취,141002
141.1취,141102
141.2취,141202
141.3취,141302
141.4취,141402
141.5취,141502
141.6취,141602
141.7취,141702
141.8취,141802
141.9취,141902
142취,142002
142.1취,142102
142.2취,142202
142.3취,142302
142.4취,142402
142.5취,142502
142.6취,142602
142.7취,142702
142.8취,142802
142.9취,142902
143취,143002
143.1취,143102
143.2취,143202
143.3취,143302
143.4취,143402
143.5취,143502
143.6취,143602
143.7취,143702
143.8취,143802
143.9취,143902
144취,144002
144.1취,144102
144.2취,144202
144.3취,144302
144.4취,144402
144.5취,144502
144.6취,144602
144.7취,144702
144.8취,144802
144.9취,144902
145취,145002
145.1취,145102
145.2취,145202
145.3취,145302
145.4취,145402
145.5취,145502
145.6취,145602
145.7취,145702
145.8취,145802
145.9취,145902
146취,146002
146.1취,146102
146.2취,146202
146.3취,146302
146.4취,146402
146.5취,146502
146.6취,146602
146.7취,146702
146.8취,146802
146.9취,146902
147취,147002
147.1취,147102
147.2취,147202
147.3취,147302
147.4취,147402
147.5취,147502
147.6취,147602
147.7취,147702
147.8취,147802
147.9취,147902
148취,148002
148.1취,148102
148.2취,148202
148.3취,148302
148.4취,148402
148.5취,148502
148.6취,148602
148.7취,148702
148.8취,148802
148.9취,148902
149취,149002
149.1취,149102
149.2취,149202
149.3취,149302
149.4취,149402
149.5취,149502
149.6취,149602
149.7취,149702
149.8취,149802
149.9취,149902
150취,150002
150.1취,150102
150.2취,150202
150.3취,150302
150.4취,150402
150.5취,150502
150.6취,150602
150.7취,150702
150.8취,150802
150.9취,150902
151취,151002
151.1취,151102
151.2취,151202
151.3취,151302
151.4취,151402
151.5취,151502
151.6취,151602
151.7취,151702
151.8취,151802
151.9취,151902
152취,152002
152.1취,152102
152.2취,152202
152.3취,152302
152.4취,152402
152.5취,152502
152.6취,152602
152.7취,152702
152.8취,152802
152.9취,152902
153취,153002
153.1취,153102
153.2취,153202
153.3취,153302
153.4취,153402
153.5취,153502
153.6취,153602
153.7취,153702
153.8취,153802
153.9취,153902
154취,154002
154.1취,154102
154.2취,154202
154.3취,154302
154.4취,154402
154.5취,154502
154.6취,154602
154.7취,154702
154.8취,154802
154.9취,154902
155취,155002
155.1취,155102
155.2취,155202
155.3취,155302
155.4취,155402
155.5취,155502
155.6취,155602
155.7취,155702
155.8취,155802
155.9취,155902
156취,156002
156.1취,156102
156.2취,156202
156.3취,156302
156.4취,156402
156.5취,156502
156.6취,156602
156.7취,156702
156.8취,156802
156.9취,156902
157취,157002
157.1취,157102
157.2취,157202
157.3취,157302
157.4취,157402
157.5취,157502
157.6취,157602
157.7취,157702
157.8취,157802
157.9취,157902
158취,158002
158.1취,158102
158.2취,158202
158.3취,158302
158.4취,158402
158.5취,158502
158.6취,158602
158.7취,158702
158.8취,158802
158.9취,158902
159취,159002
159.1취,159102
159.2취,159202
159.3취,159302
159.4취,159402
159.5취,159502
159.6취,159602
159.7취,159702
159.8취,159802
159.9취,159902
160취,160002
160.1취,160102
160.2취,160202
160.3취,160302
160.4취,160402
160.5취,160502
160.6취,160602
160.7취,160702
160.8취,160802
160.9취,160902
161취,161002
161.1취,161102
161.2취,161202
161.3취,161302
161.4취,161402
161.5취,161502
161.6취,161602
161.7취,161702
161.8취,161802
161.9취,161902
162취,162002
162.1취,162102
162.2취,162202
162.3취,162302
162.4취,162402
162.5취,162502
162.6취,162602
162.7취,162702
162.8취,162802
162.9취,162902
163취,163002
163.1취,163102
163.2취,163202
163.3취,163302
163.4취,163402
163.5취,163502
163.6취,163602
163.7취,163702
163.8취,163802
163.9취,163902
164취,164002
164.1취,164102
164.2취,164202
164.3취,164302
164.4취,164402
164.5취,164502
164.6취,164602
164.7취,164702
164.8취,164802
164.9취,164902
165취,165002
165.1취,165102
165.2취,165202
165.3취,165302
165.4취,165402
165.5취,165502
165.6취,165602
165.7취,165702
165.8취,165802
165.9취,165902
166취,166002
166.1취,166102
166.2취,166202
166.3취,166302
166.4취,166402
166.5취,166502
166.6취,166602
166.7취,166702
166.8취,166802
166.9취,166902
167취,167002
167.1취,167102
167.2취,167202
167.3취,167302
167.4취,167402
167.5취,167502
167.6취,167602
167.7취,167702
167.8취,167802
167.9취,167902
168취,168002
168.1취,168102
168.2취,168202
168.3취,168302
168.4취,168402
168.5취,168502
168.6취,168602
168.7취,168702
168.8취,168802
168.9취,168902
169취,169002
169.1취,169102
169.2취,169202
169.3취,169302
169.4취,169402
169.5취,169502
169.6취,169602
169.7취,169702
169.8취,169802
169.9취,169902
170취,170002
170.1취,170102
170.2취,170202
170.3취,170302
170.4취,170402
170.5취,170502
170.6취,170602
170.7취,170702
170.8취,170802
170.9취,170902
171취,171002
171.1취,171102
171.2취,171202
171.3취,171302
171.4취,171402
171.5취,171502
171.6취,171602
171.7취,171702
171.8취,171802
171.9취,171902
172취,172002
172.1취,172102
172.2취,172202
172.3취,172302
172.4취,172402
172.5취,172502
172.6취,172602
172.7취,172702
172.8취,172802
